x,y,cadmium,copper,lead,zinc,elev,dist,om,ffreq,soil,lime,landuse,dist.m
181072,333611,11.7,85,299,1022,7.909,0.00135803,13.6,1,1,1,Ah,50
181025,333558,8.6,81,277,1141,6.983,0.0122243,14,1,1,1,Ah,30
181165,333537,6.5,68,199,640,7.8,0.103029,13,1,1,1,Ah,150
181298,333484,2.6,81,116,257,7.655,0.190094,8,1,2,0,Ga,270
181307,333330,2.8,48,117,269,7.48,0.27709,8.7,1,2,0,Ah,380
181390,333260,3,61,137,281,7.791,0.364067,7.8,1,2,0,Ga,470
